;x1;x2;u1;e1;u;f1;f2
1;0.020556814795963975;-0.012703863973503074;0.04702708169251292;0.9884773517662412;1.0170095693024106;0.0;0.0
2;0.03582099924029711;0.01348556011899404;0.09301717034789193;0.9967486797414863;1.0191151708418285;0.0;0.0
3;0.015800264524827128;-0.0021425714142807046;0.10726027951596706;0.9847585037229587;1.0500137561169798;0.0;0.0
4;0.0561182133183613;-0.0022865369816386883;0.1257010673827316;1.0347711574305207;1.0735591057246783;0.0;0.0
5;0.16238365005466934;-0.021739137901798124;0.14185197206267522;1.0179205159540137;1.0806026843331076;0.0;0.0
6;0.2369785595584029;-0.027623707936850386;0.15243770533415787;0.9188572515059052;1.037633470655531;0.0;0.0
7;0.2999723119502968;-0.013168072575914415;0.15783665338197755;0.8008691406666859;1.079813989248634;0.0;0.0
8;0.3618926694464782;0.009303876844413523;0.16534156540201517;0.7812247948117254;1.0608784637512736;0.0;0.0
9;0.433114373830833;0.03658966762712424;0.17330501283761626;0.6997789377663736;1.072614303907639;0.0;0.0
10;0.5124372330141539;0.12441196153229861;0.17787780589940136;0.6405806055240668;1.0714547173225948;0.0;0.0
11;0.5684418890894865;0.23713513735873562;0.18205744842712623;0.5585887997649303;1.118750036911501;0.0;0.0
12;0.6182851266615466;0.30427156258730165;0.18919085920804368;0.549897736124972;1.1316032158589535;0.0;0.0
13;0.6781867059131378;0.4098952082784892;0.19625049397152403;0.5113879820331391;1.1429433215545832;0.0;0.0
14;0.7434356452180759;0.5156331534188177;0.2009383076050296;0.4663715592734883;1.1429040513303799;0.0;0.0
15;0.7611584249128384;0.6692367920398897;0.20436481576125615;0.3981173585596633;1.1515631707193557;0.0;0.0
16;0.8765957568223373;0.8206486602327034;0.21000088626612212;0.39044928624550473;1.1590289296981977;0.0;0.0
17;0.8859400275739646;0.9765375423718299;0.21069743718361642;0.28142360054405485;1.1485434766560993;0.0;0.0
18;0.9274602674949863;1.1423106414006277;0.2108149594272393;0.261507914161934;1.1629485709007064;0.0;0.0
19;0.9556511268161245;1.2770772742073753;0.21278128812607486;0.23595564475735878;1.1422748044635442;0.0;0.0
20;0.9381586848388608;1.4044004384254936;0.21245528120322088;0.18461313806049873;1.14600116739845;0.0;0.0
21;0.9387116433957152;1.5808618429513792;0.2141943370775889;0.20808099420228032;1.1706085056314235;0.0;0.0
22;0.965943718018232;1.6955537501225115;0.22039053732147923;0.23192269244010993;1.2105969011277167;0.0;0.0
23;0.9911662220898385;1.840183537709998;0.22568722859371848;0.24367570317607648;1.2152683760604914;0.0;0.0
24;0.9785241144378629;1.8999381058502818;0.228999838742893;0.22376272737823483;1.1971561899616157;0.0;0.0
25;0.9924276508976323;1.9705126526466505;0.23102805755827463;0.21857064473461474;1.2146249050772033;0.0;0.0
26;1.024220768729302;2.0488142679022854;0.23527542788621167;0.22192771001745565;1.2020023075646287;0.0;0.0
27;0.9967336948823582;2.137320239486385;0.2369210555574101;0.17804499020001985;1.212935824740389;0.0;0.0
28;1.0080290945404318;2.212693533199152;0.23995210026310615;0.2169495590189549;1.2446293247656983;0.0;0.0
29;1.00892581936509;2.2356056406214044;0.24482762333732638;0.23745527882436282;1.231158573241118;0.0;0.0
30;1.0167539544359365;2.2549290941702176;0.24739427864329833;0.2219767358184938;1.1871539371347533;0.0;0.0
31;1.0560374811416007;2.3199643912686754;0.24860546927661556;0.17044061619960352;1.2508689202258607;0.0;0.0
32;1.1365360009264711;2.313559645578249;0.25070961203759956;0.1945412237516853;1.180906264869111;0.0;0.0
33;1.1773062102191991;2.365317061836878;0.24803341994073577;0.04420521893347317;1.1957468796474189;0.0;0.0
34;1.1813504927694765;2.40537433476801;0.24444332785257378;0.017260103078401964;1.2099604813132732;0.0;0.0
35;1.2339961796165464;2.4543598298352562;0.2453549973850532;0.028020875365825496;1.2096347138389643;0.0;0.0
36;1.2227422082737514;2.490725237522628;0.24559309482856304;-0.024298900072759002;1.220579707315569;0.0;0.0
37;1.1885861323814433;2.57494300066342;0.24497270504837157;-0.000696637696264521;1.2432208795402164;0.0;0.0
38;1.231624889379584;2.629447841881838;0.24846054101940948;0.05471648156018191;1.2028820580206339;0.0;0.0
39;1.2555778406672466;2.758166552682183;0.24818509047181012;-0.028176684633814564;1.1908388760636337;0.0;0.0
40;1.2922061128371096;2.798685044157342;0.24371915916127257;-0.06538277528345779;1.2029237404183768;0.0;0.0
41;1.2809774063278423;2.8890940740745505;0.2419911709813522;-0.09083396495009761;1.2069136699104366;0.0;0.0
42;1.2583345351532909;2.899588135229891;0.24115783074072902;-0.07433763646460431;1.2025934760253212;0.0;0.0
43;1.2653341491907257;2.9466871570016395;0.24176499288121034;-0.05495320917469457;1.1775897163865818;0.0;0.0
44;1.2272780608225435;2.991638783171857;0.24058828371746635;-0.0881520840825563;1.1043057525764144;0.0;0.0
45;1.187651800572072;3.017040769794538;0.23842443291512402;-0.12171232641767075;1.187788990197771;0.0;0.0
46;1.1789034993824086;3.055808844504907;0.24143767025789323;0.000539473825028157;1.1570086527150112;0.0;0.0
47;1.1918506408513951;3.0728096571068075;0.24435407427405426;-0.022115868668982446;1.1471262577444108;0.0;0.0
48;1.1530877119064469;3.1135596000376267;0.2427731042523158;-0.04478133727803415;1.1442047748609745;0.0;0.0
49;1.1463003712143445;3.1192050253084393;0.24235200399396112;-0.010766933408557987;1.1626356807096994;0.0;0.0
50;1.177728021007697;3.066544514447445;0.24452345926409924;0.01661115459144196;1.1735117774960018;0.0;0.0
51;1.1867787862025474;3.049589810658833;0.24467617303530637;-0.005496647878730128;1.1423423911594162;0.0;0.0
52;1.191088693048384;3.0265981836314517;0.24255167756670767;-0.045468614074489856;1.1499512277066057;0.0;0.0
53;1.2313929737128122;3.0141886378824085;0.2421791289564349;-0.042047571550006886;1.1241141257373906;0.0;0.0
54;1.2200486663986343;3.030010407109592;0.23999412300189768;-0.10526770627518167;1.1379548665194759;0.0;0.0
55;1.235378050997304;2.9930737122363196;0.2368253576627013;-0.08196211465557307;1.0919913207216654;0.0;0.0
56;1.2279116189663497;3.0150348487644787;0.23366537771564833;-0.14449966154857868;1.1024831593894564;0.0;0.0
57;1.2286001066347876;2.9553650348598706;0.2293178565505348;-0.12544100050386062;1.1013796399005367;0.0;0.0
58;1.223219744238447;2.9474768271177467;0.2277327717945126;-0.12481026164757172;1.116235185944126;0.0;0.0
59;1.2142122459420888;2.919527723998227;0.22921265033952876;-0.10697501082609333;1.0902748487015719;0.0;0.0
60;1.1979333485146981;2.9669799198335536;0.22782854544080153;-0.12329962699779601;1.0678516375935039;0.0;0.0
61;1.1882814028212856;2.974476534373015;0.22501574100736926;-0.13030357265029188;1.0315727445829348;0.0;0.0
62;1.1392011932065074;3.00311126442946;0.22146953812118536;-0.15821840630192158;1.0400693962733103;0.0;0.0
63;1.1105053714717183;3.029944325924608;0.2211914680376703;-0.09786438700033247;1.000904009448026;0.0;0.0
64;1.1182835298314249;3.0299912477376827;0.2210560838725778;-0.10960230602416404;1.034942280750642;0.0;0.0
65;1.0839788335145883;2.980789301656534;0.22068121318147116;-0.08364324795643265;1.0191341832527647;0.0;0.0
66;1.0807407601746055;3.0101777359559914;0.22045107467653408;-0.06468349244876087;1.0532754590854385;0.0;0.0
67;1.0747562617722486;2.9802177416525533;0.2227588401262477;-0.02747751770583684;0.9955280960825992;0.0;0.0
68;1.0900716558609922;2.926794919928907;0.22028087526453322;-0.08028872153103021;0.9960044424910544;0.0;0.0
69;1.0727193909379138;2.9227427366346115;0.21755058715357692;-0.0954339931330667;0.9884159785433537;0.0;0.0
70;1.0740120012935863;2.891973565697959;0.21484780367677625;-0.08242197160586102;0.9867465697336736;0.0;0.0
71;1.0671574779156652;2.909864666802136;0.2130980730584258;-0.08755562484829829;0.9611428649269754;0.0;0.0
72;1.0475166572210375;2.890970443504963;0.21029727274374543;-0.10631344481614692;0.9580386629998753;0.0;0.0
73;1.0116594766057914;2.8542586056551786;0.20771086064703503;-0.08925858426503164;0.9354016455685717;0.0;0.0
74;1.0038242483611481;2.836918408572292;0.20776175769863334;-0.07755587617831018;0.9402505352898953;0.0;0.0
75;1.0010243627568993;2.7973384774107672;0.20909986104373557;-0.06329701713141897;0.9249975018297566;0.0;0.0
76;1.0205644658080444;2.7618835942935895;0.20879356050516837;-0.07597749257476924;0.9293353409416188;0.0;0.0
77;1.0447439026692107;2.752419375165487;0.2062649906448885;-0.08932257871704316;0.8943708355467115;0.0;0.0
78;1.0116170834603173;2.711342296538366;0.20039893178312038;-0.15014306335281474;0.9141470535903912;0.0;0.0
79;1.0042791034924592;2.6536055705886863;0.19808071054641013;-0.09764308678257719;0.8690455002088668;0.0;0.0
80;0.992832270460724;2.6431366336529374;0.19460004750764265;-0.133390652662582;0.8950303502262392;0.0;0.0
81;0.9932596767836224;2.653892601621514;0.19261137801394765;-0.09824731338989832;0.8662086846278928;0.0;0.0
82;1.0026878731605353;2.6539049072224885;0.18893784020502172;-0.12654985221948822;0.9036821090269606;0.0;0.0
83;1.0168990041320143;2.6120850970154326;0.18852751925931724;-0.09987928951386557;0.8815318350750332;0.0;0.0
84;1.027090940620936;2.607917408101057;0.1844009880800769;-0.13568276091181747;0.9054480590858617;0.0;0.0
85;1.0353727477444576;2.597608792889982;0.18300785034018546;-0.12207672871727669;0.8515595999911938;0.0;0.0
86;0.9929504897581604;2.590808040050193;0.17889285499879518;-0.18443439163109637;0.8765962339941352;0.0;0.0
87;0.9626745054343332;2.6009720328686456;0.17812305312376567;-0.11572456753142867;0.8761746135773636;0.0;0.0
88;0.9603549264412412;2.599385640540124;0.18014032942719774;-0.08380668654588776;0.8343559163491231;0.0;0.0
89;0.9529313974207096;2.605689279430749;0.17897766217398195;-0.1272913408415332;0.8393924856122574;0.0;0.0
90;0.9467292587698689;2.6457671623392653;0.17502586089259634;-0.11432727774678603;0.8666179578685759;0.0;0.0
91;0.9350664130425762;2.6383091746189855;0.17460518367790798;-0.08122070825372528;0.8606225474150652;0.0;0.0
92;0.9176755872036061;2.614229900236681;0.17558476702820758;-0.07597565542767853;0.877580900257659;0.0;0.0
93;0.9246937874237743;2.5524028933545817;0.174889224891845;-0.03927870600743815;0.8560271576395952;0.0;0.0
94;0.9358823032958147;2.494129465451341;0.1732358890895289;-0.06739345410754245;0.8559615925566529;0.0;0.0
95;0.9247826823181251;2.4539842807628744;0.17113485640827972;-0.08002117101193812;0.828167944976179;0.0;0.0
96;0.9092816034522122;2.3989826315204996;0.16954064227241522;-0.09599243101464291;0.869097683389985;0.0;0.0
97;0.85623333433668;2.3686612347253364;0.17021096082010076;-0.04099716912263983;0.8701872209558891;0.0;0.0
98;0.8526953053170702;2.3374821214498565;0.17386870081365427;0.01499325689837492;0.8657904708090508;0.0;0.0
99;0.8494594065995003;2.3549910655937434;0.17546999805755872;0.012856702788170457;0.9023531888827838;0.0;0.0
100;0.8419938099302715;2.343890480702724;0.17672285113846586;0.05218025163470294;0.856065805094981;0.0;0.0
101;0.8593856146661283;2.3324554480229613;0.17696349385389207;0.013558429457922953;0.885872562437815;0.0;0.0
102;0.8756306845935148;2.284915331983508;0.17692767623137545;0.02622769881398773;0.847216912224138;0.0;0.0
103;0.9059288834921605;2.2499313550827216;0.17513979911686312;-0.027580304996646755;0.8649739527954714;0.0;0.0
104;0.8673520943122531;2.2348843102760365;0.17355077945564998;-0.042182873012172294;0.8796255475843054;0.0;0.0
105;0.8992813359264737;2.2132721264409265;0.17258796143731667;0.012909579139012608;0.9081751037356214;0.0;0.0
106;0.8667369525102749;2.179454421067215;0.17460425088552942;0.009127160250622194;0.9014765079875452;0.0;0.0
107;0.8486981386601425;2.1579153683252468;0.17487913664029708;0.034956161062672964;0.9208304811418122;0.0;0.0
108;0.836837843792138;2.1976838231013183;0.1767911706881729;0.0727498321679072;0.8980325719273079;0.0;0.0
109;0.8610156021514396;2.196542251118007;0.1792418202416149;0.061101562710185915;0.9028586819618688;0.0;0.0
110;0.878928905879594;2.2246794053623806;0.17817742331839223;0.04211745471004277;0.9006391921809412;0.0;0.0
111;0.8717714764817387;2.2075927470525465;0.17780978419326646;0.024725799805377372;0.9133090973832242;0.0;0.0
112;0.8955609546898987;2.172092550827618;0.17733582225077818;0.04167342529752811;0.9044369030101246;0.0;0.0
113;0.8742730531754273;2.1579379035348953;0.1778607264509125;0.01013960539925353;0.9452802977858321;0.0;0.0
114;0.8930120800291462;2.1752418021430495;0.179538349444814;0.07078231642518154;0.9519546427352673;0.0;0.0
115;0.8926075105368472;2.1651735044504385;0.1840105725485487;0.05957926791481494;0.9641345708850284;0.0;0.0
116;0.8781437433563474;2.186206292479945;0.18457134305884057;0.07122195938686994;0.993016387829837;0.0;0.0
117;0.833533926493728;2.1911115734906894;0.18992272323735884;0.11435249315509452;0.9691535841873683;0.0;0.0
118;0.8493371155146945;2.209004738545348;0.19346271315630528;0.13558987953676896;0.999952121859655;0.0;0.0
119;0.8672298099317276;2.227035598454681;0.1980398674249873;0.15094116932908092;1.051111923749639;0.0;0.0
120;0.8933534993207504;2.215749700419359;0.20176104014908638;0.1829446524304133;1.0108126226623513;0.0;0.0
121;0.9098682660136291;2.2074288887911497;0.20269222081109414;0.11748660152945517;1.0179360232955126;0.0;0.0
122;0.9388014281866879;2.135609983848907;0.2006308268500617;0.10770177098787065;1.0289634071900762;0.0;0.0
123;0.9426997857269724;2.144229423575541;0.1985700057431059;0.09012865327049467;1.056082398933285;0.0;0.0
124;0.9493042632532294;2.129874631849912;0.20143028335241542;0.11492386695218246;1.0712402262275906;0.0;0.0
125;0.9952576278440037;2.1433715820027417;0.20551866211263248;0.1212841201667976;1.0711010763309983;0.0;0.0
126;0.9864809146636809;2.1467405547341456;0.20623216128075855;0.07756207970596984;1.1087610334602251;0.0;0.0
127;0.9648826809446218;2.2103809941322727;0.20539992863041892;0.11972345920441903;1.1199457636758217;0.0;0.0
128;0.9635212383919458;2.2380008022267086;0.21013332015744632;0.1545162389018292;1.0802048419660382;0.0;0.0
129;0.9668119731646274;2.3025934207592167;0.21176956418630846;0.11640100635438451;1.1321067333525254;0.0;0.0
130;0.9973915008092507;2.3530012385522894;0.2147439800637103;0.1640205053076493;1.1447527020904942;0.0;0.0
131;1.007511035901191;2.373847025892091;0.218434784970046;0.14682473470516066;1.1568471466631063;0.0;0.0
132;1.00155811486399;2.3797659910375186;0.2178987659322036;0.14984881490407229;1.119145589983399;0.0;0.0
133;1.0379355538318613;2.41011953417889;0.21958466331024196;0.1187071273316776;1.1479442867537881;0.0;0.0
134;1.0759027499879248;2.442508093255237;0.22077869367228148;0.11003435282830556;1.1636416157976368;0.0;0.0
135;1.0397791376568966;2.462311175130457;0.22238245664256284;0.08813407156733677;1.1646647289917624;0.0;0.0
136;1.0231131653259378;2.447131452863181;0.22217239308386544;0.12533682699141357;1.1835187164077512;0.0;0.0
137;0.9952405231768781;2.4635318203547194;0.22699758356028601;0.15989387055340284;1.1837679810130353;0.0;0.0
138;1.0264677389873487;2.524307737069836;0.23318000408879558;0.1864598281313167;1.1851485324172786;0.0;0.0
139;1.0222042239487903;2.5809313754662293;0.23518019559288247;0.159378604028198;1.2094691423711645;0.0;0.0
140;1.0594024653815406;2.603526221203523;0.23832979116651856;0.18827304353075702;1.1871071354852565;0.0;0.0
141;1.0975694843408288;2.6628788691877943;0.23883365139173862;0.12870256962825222;1.2129365588381027;0.0;0.0
142;1.0959766889340679;2.6226903505678814;0.24061794827339;0.11441381916717831;1.2083115500598711;0.0;0.0
143;1.1091646132073445;2.5718732124545416;0.2422369056535742;0.11119481140173085;1.2335643377523342;0.0;0.0
144;1.1404895491123244;2.540585351304908;0.242276597622297;0.12379137734235186;1.2726489308294389;0.0;0.0
145;1.1367939540554033;2.574942696153894;0.2428942225255309;0.1308258446166805;1.2416013068412897;0.0;0.0
146;1.1621802289767813;2.6230120629453104;0.24321521697141538;0.1041359716377977;1.2839633708611908;0.0;0.0
147;1.1937270409753888;2.638809703855143;0.2442249730985615;0.12145924900044736;1.280617786000515;0.0;0.0
148;1.1739444193537119;2.6556164058110547;0.24600264232024793;0.0878088562308427;1.317079048165743;0.0;0.0
149;1.1905134699894002;2.690475588776233;0.24967054552526297;0.1430086327628362;1.292959535715105;0.0;0.0
150;1.2374508186786797;2.7359146497963054;0.25170868804024915;0.10307485618134506;1.25959331684775;0.0;0.0
151;1.2668105828090974;2.774456552682131;0.2476714496463097;0.020698652743083485;1.2847597122253487;0.0;0.0
152;1.2718937547699516;2.813341848315103;0.2458122021346028;0.017631779732136293;1.2943873082849535;0.0;0.0
153;1.2799966336683262;2.8245112185951387;0.24604519997365507;0.022257571988407922;1.3069961788110696;0.0;0.0
154;1.315983013128755;2.8605160712376967;0.2459463239731302;0.02947388880507719;1.2890458261002835;0.0;0.0
155;1.3095955871812333;2.9254939546579375;0.24704582152044574;-0.02643316104785405;1.3305130296634011;0.0;0.0
156;1.2754682146569887;2.985406562558257;0.2488445309221494;0.02001567040651479;1.2634738389903575;0.0;0.0
157;1.2757770554147545;3.015016456452864;0.248292650343187;-0.012346612849988661;1.314609785693949;0.0;0.0
158;1.2901929169142436;3.050662034066632;0.24935350954666008;0.039196983656355225;1.3165665415532384;0.0;0.0
159;1.3140255070752793;3.1104782695370057;0.25112459018433103;0.02798648958386133;1.2705783971185582;0.0;0.0
160;1.3076695319693556;3.125841188467604;0.24625841704986756;-0.04374000564226569;1.330701520794456;0.0;0.0
161;1.2919617485812434;3.1281669312078604;0.2452702287277084;0.02176630613313304;1.297188635816823;0.0;0.0
162;1.3213001438844056;3.1470663780576227;0.2471013879277312;0.004084862334580596;1.3076504623575123;0.0;0.0
163;1.3053390680478498;3.1734526831497787;0.2471846792007137;-0.013947558372044942;1.3092041365987068;0.0;0.0
164;1.273018988541063;3.204230273113865;0.24683366510014618;0.0038381361614430753;1.2511090957059916;0.0;0.0
165;1.2355742377257202;3.2255270288901916;0.24654176909504957;-0.023599807678928848;1.2549195711433316;0.0;0.0
166;1.2347798158327137;3.241038315991675;0.24648839078794665;0.01675906484634044;1.2911779185311825;0.0;0.0
167;1.2595319379022443;3.2119856361581265;0.25087243140418136;0.055380046629883266;1.258419723879412;0.0;0.0
168;1.2449551861142711;3.226370479235472;0.2514980821757762;0.0007196334459242503;1.2602955879680113;0.0;0.0
169;1.2385603367847304;3.2302438140073493;0.24770018190126375;0.015535018994763387;1.248511711907685;0.0;0.0
170;1.2665062355297048;3.2132282443651987;0.2480912051855012;0.008657181720036898;1.257940220694627;0.0;0.0
171;1.273202059145227;3.191209117787012;0.24680468193629318;-0.009805153149163911;1.235634654345421;0.0;0.0
172;1.2680482502895851;3.1770664054147635;0.24351929391480337;-0.036631251926043065;1.2234948830106454;0.0;0.0
173;1.2810013340365352;3.173323572464911;0.2430007578927417;-0.045840322306468076;1.2406332902238173;0.0;0.0
174;1.2759594396021896;3.1791012228234807;0.24293428295894762;-0.03992577224872385;1.2265133235834085;0.0;0.0
175;1.2558074610808474;3.2023297427900093;0.24215221066205914;-0.04792128743245826;1.2177787063825947;0.0;0.0
176;1.264876507971101;3.210298912320328;0.24008930974384313;-0.038553933718971936;1.1872814031386545;0.0;0.0
177;1.2612271955891037;3.1943605276912694;0.23767577992419447;-0.0792382735844072;1.1884905665997807;0.0;0.0
178;1.2466903451669424;3.198634853856176;0.23520331400893674;-0.07198890399653554;1.2013888554465333;0.0;0.0
179;1.1846854601388976;3.165269140633777;0.23587140485588418;-0.043564316327648;1.1758822528794786;0.0;0.0
180;1.2060481815285502;3.1780187911558953;0.23844141384656067;-0.0070485012877206515;1.1583617799832338;0.0;0.0
181;1.1687997254568856;3.173633655711501;0.23750017074674884;-0.049038704541981906;1.174561825935708;0.0;0.0
182;1.1617954348681823;3.1949637517161267;0.23857137079959262;0.0034922993086464876;1.215584559572433;0.0;0.0
183;1.1704367433523568;3.1408421055797144;0.2433432912225538;0.05415138934343405;1.186940864820073;0.0;0.0
184;1.1601813968826613;3.1026286895564064;0.24418884641167501;0.01628679719060144;1.1581924544838278;0.0;0.0
185;1.1785040024455111;3.0812150568865024;0.24233338822401781;0.0005276310155452419;1.1504874497541044;0.0;0.0
186;1.1831509556496065;3.073126386890542;0.24124419415187764;-0.02727472517957396;1.1427256714063512;0.0;0.0
187;1.2025021002319494;3.0425433672612052;0.23886119136515513;-0.03944477828986384;1.1158965319434597;0.0;0.0
188;1.2225065378221098;3.0362296324707096;0.23406584278074624;-0.08558681685111257;1.1139131169959067;0.0;0.0
189;1.2230393647255648;3.0139656229112117;0.22972401257476024;-0.10904521521469289;1.1007510733354102;0.0;0.0
190;1.2136583859515533;3.028626256114242;0.22763661179209077;-0.12234082463258324;1.0716948120276346;0.0;0.0
191;1.2142481475191844;2.9998801592186273;0.2241173513122251;-0.14419139938411657;1.0835831741100346;0.0;0.0
192;1.1983044239112444;2.994314813756446;0.22288144060258933;-0.12930605999555153;1.0608185068307396;0.0;0.0
193;1.1755718184596828;2.998588103729235;0.2213342659183716;-0.1362620486959137;1.0539091033374308;0.0;0.0
194;1.1696585454410398;3.0241287078255903;0.21808696018180537;-0.12013867235394649;1.0825241751078496;0.0;0.0
195;1.1798772806398063;3.01688023267383;0.21847823012444112;-0.08679057744813631;1.028177623255344;0.0;0.0
196;1.1700110641939085;3.0253879322661463;0.21567128466120455;-0.15219925984283608;1.018697712110137;0.0;0.0
197;1.1600529492276865;3.0406310999108435;0.21117460257509957;-0.15112484354362982;1.0009448189342343;0.0;0.0
198;1.1554154746089016;3.025218120030784;0.207100557485374;-0.16027097525637016;1.0108258472612368;0.0;0.0
199;1.1574748342062653;3.0015330905706286;0.20439241004544706;-0.14360398363939278;1.0298728692223253;0.0;0.0
200;1.171651284492595;3.0004462080918364;0.20296052473820558;-0.12816434685580083;1.0026411190642777;0.0;0.0
201;1.145893175402473;3.0036514442835287;0.1980246998446048;-0.16988634057101604;0.9904053963970898;0.0;0.0
202;1.1099535740004154;2.9467882830889174;0.19303451006921002;-0.15492396529235117;1.0087335438604887;0.0;0.0
203;1.053811988765891;2.9487380608118894;0.1927521010410167;-0.10103511879090692;0.996862362224938;0.0;0.0
204;1.0415517626755701;2.956463960903165;0.195212954921549;-0.05724827132830056;0.9898022170478192;0.0;0.0
205;1.0320388791604547;2.941278613059628;0.19606613633066317;-0.05247965029146113;0.9708789116291744;0.0;0.0
206;0.9983136127536585;2.9345639683360067;0.19415164674589586;-0.06049106187313093;0.98711117071642;0.0;0.0
207;1.025549194992629;2.931066098095346;0.19515732980363093;-0.009731713270683787;0.9782960209744551;0.0;0.0
208;0.9932875637478159;2.8705054760273643;0.195499916506312;-0.04771461871473878;0.9439386046929795;0.0;0.0
209;0.9925145607074556;2.8050174173138602;0.1927028117892947;-0.04818087042220853;0.9189941994883358;0.0;0.0
210;0.9653281319646211;2.758158426390612;0.1888366001987514;-0.0726514778905068;0.9231638804379031;0.0;0.0
211;0.9419717657399859;2.7048528904433904;0.18635608360668066;-0.04248098663971368;0.9422958467905247;0.0;0.0
212;0.9715485022797646;2.6814461296395073;0.18811760736103825;-0.0006531660327933051;0.9335360888666386;0.0;0.0
213;0.9537092309874736;2.6677527026922125;0.18771871525429024;-0.036711816673327125;0.9461051394182866;0.0;0.0
214;0.982114231733732;2.6361453918483604;0.18747994634485107;-0.008486533468709468;0.9346370890414029;0.0;0.0
215;0.9366127230160304;2.5799511429786737;0.18478979401205903;-0.0472399917778695;0.9276465578367284;0.0;0.0
216;0.908126280118968;2.5084376666967056;0.18269761496663392;-0.009378798590274393;0.9470995743284688;0.0;0.0
217;0.9293958358153173;2.4689768583000418;0.1863805416188234;0.03894986083540548;0.9411016062217769;0.0;0.0
218;0.9209024069559268;2.444385247814819;0.18656800409131347;0.009875100664954558;0.9300319779798127;0.0;0.0
219;0.9319102004522795;2.434589206442753;0.18420042901007327;0.008626131037462823;0.9117419684736526;0.0;0.0
220;0.8922839651053447;2.424373137295954;0.18263321340749875;-0.019207190895802504;0.9214713307588833;0.0;0.0
221;0.8810111392240081;2.4338278501599087;0.1836919018197547;0.02907075001961619;0.9266847008888985;0.0;0.0
222;0.8510975477796359;2.3968887502822596;0.18711697638840605;0.044588639688098654;0.9139079859116928;0.0;0.0
223;0.8650133595416453;2.3384748429192523;0.1888657817466424;0.061881209416552146;0.9523373283896308;0.0;0.0
224;0.8548258625943599;2.361188470914069;0.19246055099536596;0.08754794526249786;0.9406113981808425;0.0;0.0
225;0.8692398552848418;2.3366244116978576;0.19444816009474783;0.08719239128298316;0.9572615422032157;0.0;0.0
226;0.9009226914422401;2.3128893725962496;0.19488798962763376;0.08785153120891342;0.9597597766569881;0.0;0.0
227;0.9118239997914126;2.2613477181816446;0.19501073550107828;0.057504398453545796;0.9594157374902119;0.0;0.0
228;0.9600132457826237;2.206878802006253;0.19576500550126472;0.04725586410972411;0.9415692022607284;0.0;0.0
229;0.9526222148531504;2.2095274106978096;0.19225632826276964;-0.01796668049083667;0.9486157183931876;0.0;0.0
230;0.9196792655516903;2.2097365334360175;0.19035732695415722;-0.00489926475711915;0.9626084216648223;0.0;0.0
231;0.9235024253200164;2.2191401773706336;0.19252570222052393;0.04184511330545775;0.9856799350037655;0.0;0.0
232;0.9298236470906424;2.2431446902846646;0.19428054123235772;0.06172475915280513;1.0060134185953356;0.0;0.0
233;0.9270559285883663;2.2671026964826524;0.19623705263278102;0.07617782386035277;0.9768250219061566;0.0;0.0
234;0.8907242607968323;2.300946671292232;0.19797027768942332;0.050182764146253216;0.9872078267187864;0.0;0.0
235;0.8894626443161738;2.2826058308154216;0.2003361388522789;0.09698684158860336;0.9852113978410233;0.0;0.0
236;0.9342430254112601;2.281348038902493;0.20463505492004816;0.09578482210949794;0.9754988741900447;0.0;0.0
237;0.9313447938616253;2.2664810878834967;0.20296972843867758;0.04131493813441487;1.0141176017149993;0.0;0.0
238;0.9414081299096697;2.283277277798365;0.2042627966383276;0.08215397160842819;1.0273349624348413;0.0;0.0
239;0.9378212232526905;2.3059818909540373;0.2077119731076324;0.08543413252345289;1.0126768234824117;0.0;0.0
240;0.9695839531570086;2.3041340574693447;0.20882443197253797;0.0748368915917979;1.0577260857444168;0.0;0.0
241;0.9805975935122838;2.319536866229946;0.20979705654830336;0.08630437451038885;1.0518304188656786;0.0;0.0
242;0.9929244882361232;2.2903102017596586;0.21043059244803222;0.06898299875284669;1.1085319092437824;0.0;0.0
243;1.0215443585076516;2.3087372348046795;0.21409693758898496;0.11685707924867503;1.0471332575137098;0.0;0.0
244;1.0390162301548798;2.300883938589147;0.2138113515455117;0.026650678208649248;1.1050799372468714;0.0;0.0
245;1.040204639928467;2.316648267366152;0.21284615668309864;0.06385476160000145;1.097920864325617;0.0;0.0
246;1.040433881668642;2.373276229761905;0.21547506620268195;0.05722831215102257;1.0941749672545382;0.0;0.0
247;1.0446732567518173;2.392883275238059;0.21677285508239708;0.053497839397929126;1.1470987749127917;0.0;0.0
248;1.0650484475723287;2.4120135037917425;0.21883435361784956;0.1007871416425503;1.1697286824876407;0.0;0.0
249;1.0572224950623512;2.4182958455129757;0.2238701703658452;0.10569029141650281;1.1321564078699222;0.0;0.0
250;1.0616997732532363;2.450607847673527;0.2224323854326864;0.07541037865137575;1.1442242722261746;0.0;1.0
251;1.0653353489136783;2.4828322428300202;0.22118445908284295;0.0835267573379641;1.1766425416613127;0.0;1.0
252;1.0679519449555712;2.5301565788226736;1.2239922522459716;0.11077591433640288;1.168823982290197;0.0;1.0
253;1.0738072261888385;2.5641120512156492;2.226829397093991;0.10015000955310491;1.1875508916204869;0.0;1.0
254;1.0553572812721985;2.550779661614333;3.2292782165642313;0.11463641527120201;1.1807628213429964;0.0;1.0
255;2.056659460184811;2.590416283786884;4.231814331287196;0.12531425105210214;1.191235413763868;0.0;1.0
256;3.8684782540301024;2.6109522388703246;5.18838631877305;-0.8640288060789664;1.2333629262060133;0.0;1.0
257;6.340393591097416;2.655390664992215;6.063185793951092;-2.6350667897676794;1.2327281747404915;0.0;1.0
258;9.30133619789064;2.6937720075804963;6.855800638157926;-5.109053582640067;1.2402274757950373;0.0;1.0
259;12.621142003443751;2.697692840559955;7.569051654962094;-8.060732379472611;1.2445319408138014;0.0;1.0
260;16.17696397796695;3.2334473751279837;8.206807891367266;-11.377770344141386;1.2873480549900636;0.0;1.0
261;19.78652281933706;4.492655785149092;8.774729452298114;-14.888945857116903;1.2542225053287586;0.0;1.0
262;23.414239292247252;6.743941693362553;9.278558050034096;-18.531894713599012;1.26878051811901;0.0;1.0
263;26.919989735858124;10.02582866173799;9.726400346182025;-22.145567555192855;1.3060474947467342;0.0;1.0
264;30.29660634753044;14.292780880102606;10.12732455583182;-25.615004709674093;1.3148872154426268;0.0;1.0
265;33.54173064539912;19.499582348609636;10.48561650572565;-28.98227321662231;1.305195165237239;0.0;1.0
266;36.566896153731406;25.503293780951644;10.802555252745936;-32.23784710055701;1.3105564902254936;0.0;1.0
267;39.37128334938138;32.079166397898376;11.083840083731516;-35.256242231526244;1.3413353418168357;0.0;1.0
268;41.97757769576156;39.11646488540947;11.33672748461482;-38.03012432511276;1.2880810653723145;0.0;1.0
269;44.40644912233149;46.45879658032578;11.56207199539145;-40.687653272529985;1.3047525154966575;0.0;1.0
270;46.59755212390087;53.9382390565361;11.760388382645015;-43.100605961310144;1.3503120891114082;0.0;1.0
271;48.618461988708006;61.43646313805861;11.943678691041972;-45.245059653791216;1.3559080827678562;0.0;1.0
272;50.454123526065295;68.86052040447066;12.10777424252086;-47.2626485749511;1.3357056889677266;0.0;1.0
273;52.10935540198631;76.08136057006853;12.253250737874426;-49.118805941184874;1.3342680995102902;0.0;1.0
274;53.66260581788514;83.05792333846307;12.386385372285364;-50.774773364934354;1.3608951589727907;0.0;1.0
275;55.03851035390606;89.74242800617884;12.505813212309132;-52.299595849902715;1.3736346005117204;0.0;1.0
276;56.273790479218825;96.08733911308946;12.61457867966396;-53.665591840451306;1.370779525952731;0.0;1.0
277;57.410375188986684;102.04979306962659;12.712144837692549;-54.902777421594685;1.3596318249436927;0.0;1.0
278;58.42404913317867;107.7184666547601;12.797887381625383;-56.049640658962;1.367535725163178;0.0;1.0
279;59.35204370758125;112.98731447403566;12.876540453385541;-57.05604401065557;1.3458222302717988;0.0;1.0
280;60.205722960276184;117.93944122633626;12.947741553513987;-58.00538963755863;1.356601077029135;0.0;1.0
281;60.945554116595346;122.4822524460877;13.011933319922381;-58.85009732334101;1.3561516106732436;0.0;1.0
282;61.64106476105441;126.68433920620976;13.069933865946354;-59.589632456446246;1.4062773776188664;0.0;1.0
283;62.252534549273044;130.54569857840383;13.123700703852386;-60.23435429224836;1.3330123372079483;0.0;1.0
284;62.78323133018679;134.11511761688854;13.169023878556821;-60.91961987987866;1.3748458028430959;0.0;1.0
285;63.29591005558608;137.40029698628302;13.212499885962714;-61.40764117622937;1.3804781567435302;0.0;1.0
286;63.74976636937097;140.3960503748193;13.25202646547125;-61.915329252990475;1.3771483027858566;0.0;1.0
287;64.17393429459412;143.12160937844757;13.285956661221007;-62.373525582051485;1.3710166464456068;0.0;1.0
288;64.52225639605604;145.60876455663748;13.318579032205434;-62.80060461063027;1.3745182397974764;0.0;1.0
289;64.88980637247495;147.8407320548372;13.346967439840355;-63.14748762391937;1.3417515408522174;0.0;1.0
290;65.22046632487856;149.91318939937935;13.371915281369064;-63.54751909651326;1.3178151135262095;0.0;1.0
291;65.513611613912;151.79535551343145;13.389148400776618;-63.90289765790346;1.3290680590961255;0.0;1.0
292;65.75795264348311;153.53110469710487;13.407898037100926;-64.18365140880115;1.3594986501212998;0.0;1.0
293;65.95333201367106;155.07044536233423;13.426152320941219;-64.3994221656122;1.3478915801380156;0.0;1.0
294;66.17606973423665;156.52116423207153;13.443616814662803;-64.60368403191616;1.3364376558910849;0.0;1.0
295;66.35725674803395;157.84448885637792;13.458846368509802;-64.8409453193096;1.3204765163187255;0.0;1.0
296;66.51218250460988;159.0449633244945;13.470326365329196;-65.0380286032054;1.3033212204680857;0.0;1.0
297;66.65439466794174;160.08670041032474;13.481190653112394;-65.20865499697196;1.3022885226702854;0.0;1.0
298;66.82935366722553;161.0524891828389;13.49265299349661;-65.35256387279792;1.3075724669815394;0.0;1.0
299;66.9499425283456;161.92947596293746;13.499413116130997;-65.51925881192335;1.2635539749468778;0.0;1.0
300;67.06472158924447;162.72525860581212;13.504348823520344;-65.68731118419849;1.3156263268713995;0.0;1.0
301;67.14253728862082;163.42853549841027;13.511571773983588;-65.7492381122235;1.22546555749011;0.0;1.0
302;67.25026495808982;164.03346772080826;13.51669607775742;-65.9184519492962;1.2906954073845938;0.0;1.0
303;67.29560308503828;164.64417802784322;13.524035889906626;-65.95921736118375;1.290797995477157;0.0;1.0
304;67.32950749746995;165.21118264426096;13.530686008238785;-66.00288123524672;1.2936405605426164;0.0;1.0
305;67.37708664222991;165.70771828198642;13.536928318902836;-66.03435931380413;1.224163287179186;0.0;1.0
306;67.43648875701874;166.16620212902814;13.539490121540737;-66.1505053574111;1.2373827886063158;0.0;1.0
307;67.50263361223179;166.56207196778078;13.541322073623627;-66.19989817427515;1.2243834644670546;0.0;1.0
308;67.51545204725979;166.9057939023551;13.542986352461881;-66.27719644083618;1.1955990811063;0.0;1.0
309;67.53268121095662;167.2159195569367;13.545751409026822;-66.3212052207537;1.1803843743255118;0.0;1.0
310;67.56294349570345;167.44519000120454;13.547928633147784;-66.35436790518587;1.2064592767336095;0.0;1.0
311;67.59205221304364;167.6696193388872;13.551178907955462;-66.35649930805886;1.164591478717833;0.0;1.0
312;67.61448011896873;167.91065897055927;13.552828027662637;-66.43086726545371;1.2084025302061228;0.0;1.0
313;67.6477428081733;168.09294691994077;13.55601138674277;-66.4067698499477;1.1819458518260624;0.0;1.0
314;67.66591838649362;168.2525426465684;13.557173992498342;-66.46592564467576;1.151317208368825;0.0;1.0
315;67.65583252791357;168.39528329438568;13.556376155486257;-66.51616010188653;1.133844643757186;0.0;1.0
316;67.6865278192701;168.462338445799;13.557004061067325;-66.52104377983802;1.1845148803829333;0.0;1.0
317;67.7184217951452;168.57225350478714;13.560687031589051;-66.50243851759276;1.1336481330308807;0.0;1.0
318;67.7391529653212;168.67148550089635;13.560124168546409;-66.58485132452303;1.1134896298330919;0.0;1.0
319;67.7924378370379;168.7584924810541;13.55652683773401;-66.6260589511423;1.1069852178331532;0.0;1.0
320;67.83780425821858;168.83755916708762;13.553302105800837;-66.68439970816051;1.104767499432432;0.0;1.0
321;67.86082237361083;168.93233482562457;13.550965895054151;-66.73504462261465;1.0884977345262086;0.0;1.0
322;67.83622730243063;169.01888174621595;13.546475889683268;-66.77275130855256;1.0887924797249688;0.0;1.0
323;67.80456948891133;169.0735483124864;13.54355520285746;-66.74713191392217;1.1322946591569645;0.0;1.0
324;67.73923141733036;169.1078433687404;13.547697414244446;-66.67306208540381;1.071229893538303;0.0;1.0
325;67.7464813354051;169.19375682196267;13.55194066112086;-66.66783718050407;1.0867353805814528;0.0;1.0
326;67.73501875505762;169.30079289592854;13.551324129753045;-66.66131390806689;1.0665976790752334;0.0;1.0
327;67.77432379222047;169.32205335985506;13.55025972623462;-66.66852564585749;1.0389426800033676;0.0;1.0
328;67.77610866221895;169.3635861995377;13.546839634843414;-66.73665116517238;1.0659430872761881;0.0;1.0
329;67.76719721552944;169.35934404595983;13.543604941442979;-66.71042481230117;1.066878546677577;0.0;1.0
330;67.76423687161065;169.34608476302023;13.544399761375322;-66.69994521453084;1.0164928520106957;0.0;1.0
331;67.76322738316911;169.36771830065018;13.542622595432311;-66.7474189709634;1.040666882867561;0.0;1.0
332;67.74993333349305;169.3730032554496;13.543245440527699;-66.72243925574477;1.0188901480916734;0.0;1.0
333;67.74477653516234;169.36939661352272;13.543437883087586;-66.73096683172636;1.0197808741954177;0.0;1.0
334;67.75133547018442;169.3551542866991;13.54284397226799;-66.72503666652273;0.9889152924939942;0.0;1.0
335;67.73511998574331;169.36953891007977;13.541150189405965;-66.76373653485577;1.0334974310709093;0.0;1.0
336;67.72460629367468;169.37282665557635;13.540651664858629;-66.70419142591952;1.0279111811694444;0.0;1.0
337;67.69248391933222;169.34624334209826;13.541328617193997;-66.696714975974;1.0201561597994877;0.0;1.0
338;67.68730111641922;169.38890259194352;13.540678410891019;-66.67283929618849;1.0395240050572911;0.0;1.0
339;67.71443343410802;169.3756278717691;13.54213027002782;-66.64735415379589;0.9846506454879915;0.0;1.0
340;67.71201913046893;169.36317657223705;13.540104292807923;-66.72910690146995;0.995397635834937;0.0;1.0
341;67.72918652116715;169.34804505328458;13.536946403537733;-66.71576318872054;1.0087039373092457;0.0;1.0
342;67.7335470967073;169.29782404717767;13.537017134672102;-66.72103823513943;1.0512532336928153;0.0;1.0
343;67.72260749017113;169.3120838219126;13.538384565472239;-66.68249578354036;1.0086338130679942;0.0;1.0
344;67.68557277186576;169.31488472826322;13.538290816642085;-66.71543417028576;1.0193063359003107;0.0;1.0
345;67.68403790949435;169.33396954584254;13.539693930097298;-66.66738467518508;1.0131347760455909;0.0;1.0
346;67.68806262141091;169.35183686843587;13.542850561378508;-66.6699497606122;0.9846210543994138;0.0;1.0
347;67.6351004024367;169.32467611990427;13.541482404751887;-66.7027756019461;1.002312321944648;0.0;1.0
348;67.65168158327283;169.29187583209142;13.54125343106264;-66.63382436760197;0.9993255871526607;0.0;1.0
349;67.64354803185711;169.27362625818233;13.544136045785429;-66.65112404781969;1.0097304925693522;0.0;1.0
350;67.65371949901895;169.28652212744572;13.545720888584379;-66.632613060877;0.9901205774985271;0.0;1.0
351;67.66382112400557;169.24974344405265;13.54540264051934;-66.66157568315374;1.0349131204945068;0.0;1.0
352;67.66199313975582;169.21671343609594;13.54682317163654;-66.62909560626265;1.0509889588183714;0.0;1.0
353;67.68455244757807;169.19267017873585;13.549096636628857;-66.610729218446;1.0357526948498466;0.0;1.0
354;67.66298993131961;169.19814626873588;13.54925305979098;-66.64850969535081;1.054527275207405;0.0;1.0
355;67.64778635791512;169.18527743070558;13.550012641196503;-66.60783267307355;1.067255565164226;0.0;1.0
356;67.63591543574006;169.17403356840657;13.55249702370216;-66.57972117644488;1.062262386975701;0.0;1.0
357;67.6595890580127;169.19124197358556;13.554771238949257;-66.57587940265475;1.0961967231494978;0.0;1.0
358;67.70205714326643;169.23330955771618;13.559032573100229;-66.56406814754884;1.0405350574665166;0.0;1.0
359;67.71092933519168;169.24046991622353;13.555900785444075;-66.6600555241974;1.1188149725177987;0.0;1.0
360;67.69692329152363;169.20547343799933;13.555422279698739;-66.59279109295767;1.0858134282665308;0.0;1.0
361;67.70261849425101;169.18135190055136;13.558713258596589;-66.61054000012125;1.1056057569823203;0.0;1.0
362;67.72289180689899;169.16719341285489;13.558973941582966;-66.59723769499253;1.1195273947837303;0.0;1.0
363;67.75452367129638;169.18104091388608;13.560271189905352;-66.60271692884841;1.124820591928887;0.0;1.0
364;67.74749702315741;169.19975060206386;13.560663478211318;-66.6281338604394;1.1134185326787436;0.0;1.0
365;67.78134403062151;169.2275938641851;13.56047464103211;-66.63548564520268;1.126945529022857;0.0;1.0
366;67.78939681269769;169.22998279005964;13.560028578394224;-66.65635211891917;1.1478873202112638;0.0;1.0
367;67.81631811861868;169.2363552667103;13.560612363255823;-66.64315482977948;1.127428183719757;0.0;1.0
368;67.82112810972205;169.24572451510906;13.559024042480507;-66.68827546264478;1.147617413312593;0.0;1.0
369;67.78788461840229;169.22859089883707;13.55688141568145;-66.67441447654352;1.127038805399485;0.0;1.0
370;67.76415301570115;169.33121628412533;13.558588331929046;-66.6607644622603;1.197447229039314;0.0;1.0
371;67.74870824112273;169.35960261908758;13.563430143361327;-66.56616055129575;1.1963436004378007;0.0;1.0
372;67.76942346095997;169.3876356473311;13.569055513478014;-66.5521838319199;1.191773977626174;0.0;1.0
373;67.78177536203485;169.45257154496917;13.568446922148944;-66.57790329120584;1.2009832172628059;0.0;1.0
374;67.8113134119354;169.44973893773724;13.569424236358909;-66.58177917563768;1.2262063559009018;0.0;1.0
375;67.83726725690305;169.423575682172;13.57003543600629;-66.58514492835225;1.2379746108466272;0.0;1.0
376;67.82963102872043;169.3972624977824;13.568900385958829;-66.60018397794889;1.2329647561851917;0.0;1.0
377;67.85274274391926;169.3981662034068;13.566848350211597;-66.59765323592447;1.2763804382362116;0.0;1.0
378;67.85309070809315;169.3897066820223;13.568327994075645;-66.57658657453578;1.2519896367994292;0.0;1.0
379;67.89233316252832;169.43557797526304;13.569892528935561;-66.60095890946795;1.2804270473574375;0.0;1.0
380;67.87912166656689;169.4558562252605;13.568921818013195;-66.61138359167782;1.2957606788570533;0.0;1.0
381;67.83564858499781;169.4878334489445;13.571429589522747;-66.58257621177523;1.3200957970362501;0.0;1.0
382;67.83174942638992;169.50975950576404;13.576655075936229;-66.51474017602781;1.3220898309642208;0.0;1.0
383;67.83408966342996;169.53789937623756;13.581630992260074;-66.50810771488948;1.3229586226953052;0.0;1.0
384;67.80533794515264;169.58063251668975;13.584696754308494;-66.51176281043718;1.2975040114652574;0.0;1.0
385;67.83511596780478;169.5685943194337;13.587771676806097;-66.50851631917922;1.3088868140786079;0.0;1.0
386;67.88458225011597;169.5549364488047;13.589112206529343;-66.52827921839658;1.3522292432962286;0.0;1.0
387;67.8953524164445;169.57753438038927;13.589435051225879;-66.53257482421722;1.356044066627885;0.0;1.0
388;67.90162049389201;169.57382854038832;13.591280942678358;-66.54040215126662;1.3850744752283972;0.0;1.0
389;67.93066672299031;169.55596044725795;13.593516101818777;-66.51750451608969;1.3582451047357593;0.0;1.0
390;67.92319173898348;169.54900921359058;13.592592919644602;-66.57457222974682;1.3664115299406;0.0;1.0
391;67.95400108742959;169.58480057999665;13.59340365882136;-66.55805666291819;1.4190638134125038;0.0;1.0
392;67.94059674764259;169.57466652452905;13.595209475801957;-66.53395601513982;1.356007195756207;0.0;1.0
393;67.97222438209528;169.59182548062762;13.594687625442242;-66.58534853930567;1.390232411744417;0.0;1.0
394;67.99140116372142;169.62146776486648;13.593887188035785;-66.58089770371106;1.4120456132907013;0.0;1.0
395;67.9823834881894;169.67180516181526;13.593863452946653;-66.57988058475061;1.4126250528791642;0.0;1.0
396;68.00921741189599;169.71308706546412;13.596341462993935;-66.56971556752633;1.4183304890434543;0.0;1.0
397;68.03066479496968;169.74243387419716;13.597654221782633;-66.58932072740501;1.4407357406226808;0.0;1.0
398;68.020608834362;169.74356310289235;13.59719406527768;-66.59034022386685;1.4397492524759261;0.0;1.0
399;68.02754779043491;169.80005601173625;13.599320275535586;-66.58160514786843;1.430833658389394;0.0;1.0
400;67.99651332853783;169.83342995599747;13.601772659234541;-66.59496329808198;1.4276790520242573;0.0;1.0
401;67.99767969934383;169.83597783104864;13.602865178462416;-66.56774839460314;1.452220332013875;0.0;1.0
402;67.979904917123;169.90550244576824;13.606842371970043;-66.5456246651969;1.4465610187167002;0.0;1.0
403;67.9885974146738;169.9205857632385;13.610925563642454;-66.53387168232247;1.3873243467985268;0.0;1.0
404;67.97826795770855;169.9181926232382;13.609426971129421;-66.6020221124903;1.4644858313152138;0.0;1.0
405;67.99168636778086;169.90386440906858;13.612373420664966;-66.51520366832855;1.4611879719231506;0.0;1.0
406;68.00465514236187;169.92901665990553;13.617139801944507;-66.53101180721842;1.4283451280262498;0.0;1.0
407;68.03038726491133;169.92930362770343;13.616889915917431;-66.57537752220827;1.414540265796553;0.0;1.0
408;68.0237968175986;169.92919065906437;13.61633735648418;-66.61497410670181;1.4253926383783115;0.0;1.0
409;68.02463332432409;169.94284252930356;13.616768473612135;-66.59840755570805;1.4607499671837012;0.0;1.0
410;68.02416119321865;169.9120442906686;13.618002742160115;-66.56412769703395;1.4237451204002305;0.0;1.0
411;68.06111683118705;169.93226175172296;13.618026275792372;-66.60143388297598;1.4438952760689556;0.0;1.0
412;68.06051412292126;169.95059694593982;13.61804868120106;-66.61692206828215;1.4132155650006675;0.0;1.0
413;68.04458472808335;169.94261898881695;13.617913851048725;-66.64658310015915;1.4770395872784332;0.0;1.0
414;68.06414629692547;169.97951491591442;13.62264374853018;-66.56581409671455;1.4402443634036932;0.0;1.0
415;68.06390747346377;169.95435058504964;13.621686587771878;-66.62345529757806;1.4505142755337739;0.0;1.0
416;68.05002118210695;169.97822955118542;13.620513104704692;-66.61522675454005;1.4236746022176754;0.0;1.0
417;68.04615993013579;170.0272344453607;13.621003873162019;-66.62688398629695;1.4075605539085585;0.0;1.0
418;68.0824581567877;170.01446871785555;13.62221947307981;-66.638205126315;1.4157760680610496;0.0;1.0
419;68.08850167266674;170.01993524123563;13.620984264020418;-66.66634706576265;1.3930530683500864;0.0;1.0
420;68.07734627495022;170.0067438243669;13.619631862946761;-66.69620872807816;1.3823909832559556;0.0;1.0
421;68.11524377876792;170.06083610563206;13.618039449425769;-66.69436154707374;1.405286411457281;0.0;1.0
422;68.1280499044371;170.10862082308074;13.616850544190932;-66.7088008047875;1.3763753540265051;0.0;1.0
423;68.13272385945844;170.11155756764754;13.614394355872209;-66.7507272365736;1.363869067977203;0.0;1.0
424;68.13367974307081;170.12527527486066;13.608931448374653;-66.76858428287004;1.3925264335631622;0.0;1.0
425;68.15905970459711;170.13035251063718;13.608539674664573;-66.74227833506725;1.3888114998147691;0.0;1.0
426;68.12138606984277;170.15159577352188;13.606999414529964;-66.76815635749448;1.3368863313212793;0.0;1.0
427;68.10714087920752;170.21437408586655;13.603824508344905;-66.78558740383613;1.3289654594381237;0.0;1.0
428;68.0827595932998;170.24125267634176;13.601662678555577;-66.78012691667784;1.3390809131588275;0.0;1.0
429;68.0727015975364;170.26569858719589;13.601032954598585;-66.74294853011419;1.3331496233380224;0.0;1.0
430;68.0569346374168;170.29465381209363;13.599816686496006;-66.73927018338848;1.3276196029626;0.0;1.0
431;68.06834264797071;170.30420839741714;13.59936624035472;-66.72804872158729;1.328785828825332;0.0;1.0
432;68.04044712109143;170.30378982598992;13.598022853342687;-66.74036395922285;1.3100573625321286;0.0;1.0
433;68.04132850095439;170.2936486616576;13.595965576934335;-66.73164512185167;1.3129313016292905;0.0;1.0
434;68.03792601377253;170.2613099698584;13.594880215919213;-66.72928223215617;1.30481639397806;0.0;1.0
435;68.02988721540844;170.2422522408358;13.592059291509958;-66.73229991834808;1.2955191805171729;0.0;1.0
436;68.02034971293824;170.24573295203538;13.591783497345439;-66.73420392712534;1.272323323841233;0.0;1.0
437;68.03086759112993;170.21720844909925;13.589587490452766;-66.74750628510887;1.2314947926201527;0.0;1.0
438;68.06589286809127;170.20864152393506;13.587076386676365;-66.79883439332396;1.232531841837133;0.0;1.0
439;68.04187518105772;170.1650689617675;13.582469529848488;-66.83381766825325;1.2306716197870222;0.0;1.0
440;68.03271788742848;170.1593748939076;13.57919278214507;-66.81061547378401;1.2542669748439874;0.0;1.0
441;68.00286808069396;170.14321934775202;13.577958863889094;-66.77781096766896;1.186779302587038;0.0;1.0
442;68.0049024324487;170.08703199975434;13.575349280651174;-66.81632086975338;1.2234159903185438;0.0;1.0
443;67.98213039573388;170.12376811896488;13.573061081898192;-66.78207810391883;1.2187774607048016;0.0;1.0
444;67.97027736737002;170.10414258104134;13.572622816644863;-66.7639872635713;1.2446113346960863;0.0;1.0
445;67.93905289106209;170.1055091303538;13.574720479947214;-66.72555718743487;1.1963847538999215;0.0;1.0
446;67.92323793943397;170.1171606279164;13.571645756429197;-66.74308368827417;1.1701284164326666;0.0;1.0
447;67.93134407115248;170.06229016713513;13.570154204918866;-66.75427714168758;1.148442686581665;0.0;1.0
448;67.90876574598018;170.03536861428077;13.567727068298831;-66.78265173453605;1.1453252250281902;0.0;1.0
449;67.92500818383509;169.99473858753524;13.564601603344768;-66.7644471609599;1.1551688259647304;0.0;1.0
450;67.92714652717189;169.97744965919452;13.562569529605378;-66.768722444417;1.1340716120363052;0.0;1.0
451;67.94417675876925;169.98129625133268;13.560693765583117;-66.79208377155042;1.139406498276589;0.0;1.0
452;67.90833647883967;169.96924513178422;13.555947477092058;-66.8048263718284;1.1202223147399069;0.0;1.0
453;67.90625504002146;169.95258125374644;13.555445199167375;-66.78642635262018;1.1243280762908208;0.0;1.0
454;67.91831216068539;169.93144433091598;13.555467359099984;-66.78263651130302;1.0699292159709657;0.0;1.0
455;67.9007110568057;169.89859473879596;13.54986059492968;-66.84932956027218;1.1050449545406764;0.0;1.0
456;67.88810753984353;169.87662894741138;13.547008051373924;-66.79498333800277;1.1477314489495754;0.0;1.0
457;67.879109964564;169.8832729930915;13.548986807959475;-66.7403540175054;1.1440715624591054;0.0;1.0
458;67.85162171005558;169.83791463294375;13.550416372372208;-66.73492453477576;1.0740162555890675;0.0;1.0
459;67.7890105024406;169.80535665333827;13.549056502891359;-66.77707140722092;1.0917182200520206;0.0;1.0
460;67.7950094480081;169.77603264822216;13.551704219757728;-66.69845883749254;1.083747046678635;0.0;1.0
461;67.78643995850345;169.78037939371572;13.553373563427433;-66.71101818831006;1.069309488065753;0.0;1.0
462;67.79638345706242;169.76980372431146;13.552416033187733;-66.71810278608916;1.0841183619078525;0.0;1.0
463;67.78750285396308;169.7522527934221;13.552822258333098;-66.71323148477207;1.0852457782967613;0.0;1.0
464;67.78898392413018;169.6994817921709;13.553294240345048;-66.70189348533887;1.0938030214831957;0.0;1.0
465;67.73412537258285;169.67012276539327;13.553144618149654;-66.69508154610139;1.0544269718759374;0.0;1.0
466;67.72750158633552;169.63194602442815;13.55387576044037;-66.6797211294123;1.0771421492016249;0.0;1.0
467;67.7476348926727;169.63307885974598;13.555229034055289;-66.65140229231024;1.1023480595016886;0.0;1.0
468;67.74059270298682;169.59670400163705;13.556075166257584;-66.64543934574715;1.1107773598333457;0.0;1.0
469;67.76261968336757;169.544082295367;13.556824092006295;-66.62970726976468;1.0973813594139006;0.0;1.0
470;67.73981132965855;169.48450031320948;13.556528738525454;-66.66591801829139;1.1120929009618579;0.0;1.0
471;67.74177236386039;169.45006150958284;13.558614579432547;-66.62673775589627;1.0850884334095372;0.0;1.0
472;67.76937052968842;169.45289298654137;13.560020999659475;-66.6549707913562;1.0946770792969729;0.0;1.0
473;67.80701231004578;169.47112326193158;13.557348730548496;-66.67484959995953;1.0820370202226313;0.0;1.0
474;67.80140347877382;169.46236628651698;13.553983511701126;-66.72439185283409;1.1400688336041476;0.0;1.0
475;67.77471915531838;169.46178442062924;13.554187660920276;-66.66159731273503;1.076119284813215;0.0;1.0
476;67.79275638047754;169.44413099281965;13.552780359262707;-66.69856541125253;1.103137866376931;0.0;1.0
477;67.79363073231886;169.4684524407887;13.5516891735134;-66.68858446702586;1.0901200613285644;0.0;1.0
478;67.80447933465871;169.4740251527269;13.55026455922456;-66.70351278357353;1.0912557514065278;0.0;1.0
479;67.81801763814032;169.45658897220252;13.549964254459383;-66.71370942488204;1.1440285656505835;0.0;1.0
480;67.82792786495052;169.47990352174395;13.549701698690292;-66.67521602014881;1.1206305490389437;0.0;1.0
481;67.77307872253317;169.48369885175717;13.550282404973714;-66.70825024312263;1.1128269715521821;0.0;1.0
482;67.78707667417807;169.4911809386912;13.550448730083861;-66.65894665641297;1.1254290193485905;0.0;1.0
483;67.78895637436952;169.5040933047481;13.551771650943666;-66.66064976850627;1.1710799217158272;0.0;1.0
484;67.7393348165027;169.50986417923465;13.55440984249071;-66.61757315481503;1.1577857284216306;0.0;1.0
485;67.74036542029026;169.5245372100784;13.56019783641794;-66.5819620428029;1.1618565354220787;0.0;1.0
486;67.76605321524362;169.53470003657122;13.56314390705171;-66.57857466609019;1.1996967977861857;0.0;1.0
487;67.73848582114522;169.50090282971146;13.565140022700062;-66.56608990675872;1.1823249322645735;0.0;1.0
488;67.76094629525146;169.499736398979;13.566816061639038;-66.55684091771214;1.1775091165711802;0.0;1.0
489;67.75364588649546;169.49515637031436;13.567434465962986;-66.58496697232935;1.1675964405299815;0.0;1.0
490;67.78608691928274;169.4666295303919;13.569163560696035;-66.58660154979863;1.2043768026835113;0.0;1.0
491;67.8075209668967;169.43963072737347;13.570372397676127;-66.58126532132799;1.2247402393466666;0.0;1.0
492;67.8065046793773;169.42655191124794;13.57130602769104;-66.58264080563102;1.234496454894029;0.0;1.0
493;67.81911734606977;169.44720428510058;13.572283788591733;-66.57213874561616;1.2163527280202981;0.0;1.0
494;67.83848127910443;169.42643411307196;13.572968265169848;-66.60265513077029;1.2330385518912228;0.0;1.0
495;67.85550840851471;169.45749932054227;13.57496926044177;-66.60421179718928;1.265613854031344;0.0;1.0
496;67.87329536739881;169.45267119631623;13.576875216763362;-66.58950079509309;1.2560873068571061;0.0;1.0
497;67.88976293184129;169.44850277536443;13.576237058654991;-66.61770594094635;1.2781043830348189;0.0;1.0
498;67.88129088406127;169.45132679988254;13.577167981154021;-66.61204721548538;1.3039627286106061;0.0;1.0
499;67.91542056311467;169.50209120107493;13.58112610054432;-66.57688181910365;1.2812572288319988;0.0;1.0
